{"cameraMode":{"drawMode":0,"name":"Shaded","section":"Shading Mode"},"sceneLighting":false,"audioPlay":false,"sceneViewState":{"showFog":true,"showMaterialUpdate":false,"showSkybox":false,"showFlares":true,"showImageEffects":true,"showParticleSystems":true},"in2DMode":false,"pivot":{"x":-7.507521629333496,"y":-2.3502893447875978,"z":7.271381855010986},"rotation":{"x":0.0265212319791317,"y":0.7070508003234863,"z":-0.02866257168352604,"w":0.7072630524635315},"size":1.099935531616211,"orthographic":false}