{"cameraMode":{"drawMode":0,"name":"Shaded","section":"Shading Mode"},"sceneLighting":false,"audioPlay":false,"sceneViewState":{"showFog":true,"showMaterialUpdate":false,"showSkybox":false,"showFlares":true,"showImageEffects":true,"showParticleSystems":true},"in2DMode":false,"pivot":{"x":8.89337158203125,"y":2.017012357711792,"z":-1.3898940086364747},"rotation":{"x":0.10932710021734238,"y":0.01704428717494011,"z":-0.003440667176619172,"w":0.9946907758712769},"size":3.154203176498413,"orthographic":false}